{
    "uv": [
        0.1046217950006394,
        0.06576943099935306,
        0.06143465700006345,
        0.06120833099976153,
        0.06128810199970758,
        0.06633052899996983,
        0.06134527500034892,
        0.06131203700078913,
        0.07507056600024953,
        0.06531615200037777,
        0.05844351699943218,
        0.06030198900043615,
        0.060368790999746125,
        0.07511038600023312,
        0.06724809499974072,
        0.06285032100004173,
        0.06642053100040357,
        0.06912548400032392,
        0.09104917399963597,
        0.07666739299929759
    ],
    "setuptools": [
        2.9041129549996185,
        2.7782556230004047,
        2.6587557379998543,
        1.7843734799998856,
        1.7686573109995152,
        1.7261338260004777,
        1.7700920639999822,
        2.003455521000433,
        1.7281050880001203,
        1.6630769539997345,
        1.7047952739994798,
        1.6882228880003822,
        1.679800384000373,
        1.75329281500035,
        1.9394997210001748,
        1.6665168009994886,
        1.7155307060002087,
        1.6693707509994056,
        1.7293051039996499,
        1.7707456589996582
    ],
    "pdm": [
        0.7923406019999675,
        0.7264859769993564,
        0.6770869150004728,
        0.6915642809999554,
        0.6623869439999908,
        0.6685613680001552,
        0.651738457000647,
        0.6613690460008002,
        0.6637089090008885,
        0.6628819110001132,
        0.6500017319995095,
        0.6938390719997187,
        0.670152947999668,
        0.6412932290004392,
        0.6700522510000155,
        0.6697064970003339,
        0.6789863570002126,
        0.669995872999607,
        0.6466857479999817,
        0.6509460560000662
    ],
    "poetry": [
        1.2205300910000005,
        1.099001233999843,
        1.123877005000395,
        1.1018205760001365,
        1.1143538839996836,
        1.1162240970006678,
        1.138646097999299,
        1.1112454229996729,
        1.0947449029999916,
        1.1220736859995668,
        1.088566278000144,
        1.124885686000198,
        1.088631376000194,
        1.150442342000133,
        1.1024776479998764,
        1.1427405379999982,
        1.113014992999524,
        1.0931175400000939,
        1.2558782930000234,
        1.21966361900013
    ],
    "hatch": [
        1.310197586999493,
        1.5853073369999038,
        1.0312386759997025,
        1.2239151039993885,
        1.3454085169996688,
        0.8748699210000268,
        0.9379421720004757,
        0.9328596230006951,
        0.9858385800007454,
        0.953234491999865,
        0.8348054939997382,
        0.862975321999329,
        0.8408646030002274,
        0.894442003000222,
        0.8591148810000959,
        0.7939039189996038,
        0.8360279029993762,
        0.8217232699998931,
        0.8301467410001351,
        0.8570525530003579
    ],
    "maturin": [
        15.631228369000382,
        15.411033151000083,
        15.47649790200012,
        14.940497227999913,
        14.738487019999411,
        14.672686722000435,
        14.844228941000438,
        14.881666250000308,
        14.605877899999541,
        14.952209258000948,
        14.992720336000275,
        15.009184984999592,
        14.75243206900086,
        14.808007470999655,
        15.115619917000004,
        15.20939704599914,
        14.867129126998407,
        14.770937008999681,
        14.892091328998504,
        14.832475053999588
    ],
    "scikit": [
        7.406222789999447,
        7.278236707999895,
        7.207294907000687,
        7.105812519999745,
        7.356807963999017,
        7.27401014499992,
        7.132483208000849,
        7.306029835999652,
        7.219581771998492,
        7.19989149399953,
        7.072259357000803,
        7.152367972999855,
        7.115550586999234,
        7.110224703001222,
        7.354569186001754,
        7.1906089180010895,
        7.203660908000529,
        7.139553363000232,
        7.16438046499934,
        7.09934295200037
    ]
}