{
    "uv": [
        0.11097422199964058,
        0.05753904100129148,
        0.05088969599819393,
        0.06720237799891038,
        0.055741616000887007,
        0.04985197899804916,
        0.050483132999943336,
        0.05197371600297629,
        0.05068675800066558,
        0.05072375599775114,
        0.050384336998831714,
        0.05105311900115339,
        0.04993244700017385,
        0.050859619997936534,
        0.05135469200104126,
        0.05179408699768828,
        0.050055661999067524,
        0.05040698100128793,
        0.05141279300005408,
        0.05124285300189513
    ],
    "setuptools": [
        2.296728205998079,
        1.8369056020019343,
        1.8278638499978115,
        1.8222429729976284,
        1.8697914669974125,
        1.8417846530028328,
        1.810205165998923,
        1.825188786999206,
        1.8292317280029238,
        1.9615350239982945,
        1.8488945649987727,
        1.852014361997135,
        1.8384588709996024,
        1.9159859939973103,
        1.8230820190001396,
        1.883268727997347,
        1.9437140990012267,
        1.8139326109994727,
        1.827675067997916,
        1.8255898050010728
    ],
    "pdm": [
        0.9823243120008556,
        0.7369355299997551,
        0.6854119479976362,
        0.6932172119995812,
        0.677106797000306,
        0.6724724859996059,
        0.6924238829997194,
        0.6728601719987637,
        0.6738662670031772,
        0.718381839000358,
        0.6732835080001678,
        0.6776195509992249,
        0.6902137619981659,
        0.6841395670016936,
        0.6816934210000909,
        0.6981505999974615,
        0.7125071740010753,
        0.8589051070011919,
        0.6774913629997172,
        0.6737417789991014
    ],
    "poetry": [
        1.5256828109995695,
        1.208094115001586,
        1.170900963999884,
        1.1892581649990461,
        1.2303260560001945,
        1.1896161080003367,
        1.2393381609981589,
        1.1769712770001206,
        1.20129379699938,
        1.1817662720022781,
        1.1903156139997009,
        1.1678893790012808,
        1.1849306910007726,
        1.2008033139973122,
        1.2121407309969072,
        1.1898886369999673,
        1.176676339997357,
        1.184708724002121,
        1.1764862470008666,
        1.4085165110009257
    ],
    "hatch": [
        2.2657129430008354,
        0.9782843779976247,
        0.8593613429984543,
        0.827603514000657,
        0.8009874579984171,
        0.8105984229987371,
        0.8254053470009239,
        0.8151754690006783,
        0.8199983090016758,
        0.8051734250002482,
        0.8061331059980148,
        0.8318953729976784,
        0.8147802739986219,
        0.8199137170013273,
        0.8454612559980887,
        0.8004835130013817,
        0.8282467970020662,
        0.8038238449989876,
        0.8309806379984366,
        0.8055509080004413
    ]
}