{
    "uv": [
        0.11824983699989389,
        0.06036773499727133,
        0.04963667500123847,
        0.04906915099854814,
        0.049480124998808606,
        0.04923110000163433,
        0.04908529400199768,
        0.04902362299981178,
        0.05055261500092456,
        0.05046801800199319,
        0.0489366660003725,
        0.04957039700093446,
        0.0487768379971385,
        0.04940658300256473,
        0.059609474999888334,
        0.0601796139999351,
        0.0496880799983046,
        0.04969333299959544,
        0.04948314599823789,
        0.04987403199993423
    ],
    "setuptools": [
        2.2931672099985008,
        1.8409147139973356,
        1.9129602089997206,
        1.8685245029992075,
        1.858832910998899,
        1.856639769001049,
        1.8657950119995803,
        1.8908051379985409,
        1.8445871220028494,
        2.0107046279990755,
        1.8525758260002476,
        1.8333192970021628,
        1.8488526879991696,
        1.863398634002806,
        1.8304075099986221,
        1.817932526999357,
        1.8350948779989267,
        1.829709831999935,
        1.877903923003032,
        1.832344333997753
    ],
    "pdm": [
        0.9689312470000004,
        0.6999913479994575,
        0.6801050389985903,
        0.6969492669995816,
        0.667194183999527,
        0.6711515410024731,
        0.6925912549995701,
        0.669972356998187,
        0.6715459120023297,
        0.6965347029981785,
        0.6697383619975881,
        0.7070507169992197,
        0.6936957369980519,
        0.6706153100021766,
        0.6735240550005983,
        0.6901532080009929,
        0.6682175390014891,
        0.6713067080017936,
        0.7068310029972054,
        0.6686794000015652
    ],
    "poetry": [
        1.491547345998697,
        1.181104208000761,
        1.1828055909973045,
        1.2037535900017247,
        1.1793243100000836,
        1.1643726080001215,
        1.1858098119992064,
        1.190624407998257,
        1.163551860001462,
        1.1836348920005548,
        1.1652621499997622,
        1.2144203179996111,
        1.1841585629990732,
        1.1678850019998208,
        1.181003003999649,
        1.1835744220006745,
        1.1827332639986707,
        1.17961619199923,
        1.179784887997812,
        1.7424308869995002
    ],
    "hatch": [
        2.2930624820000958,
        1.0181250569985423,
        0.8317212269976153,
        0.8291652170009911,
        0.8271065810004075,
        0.8121153590000176,
        0.8081772630030173,
        0.8355345519994444,
        0.9402297839988023,
        1.0856976930008386,
        0.808789593000256,
        0.9887465840001823,
        1.0076313200006553,
        0.8317849779996322,
        0.810202835000382,
        0.8053726760008431,
        0.8294262120034546,
        0.8069100320026337,
        1.0908689190000587,
        0.8104407739992894
    ]
}